<?xml version="1.0"?>
<eml:eml
    packageId="doi:10.xxxx/eml.1.1" system="https://doi.org"
    xmlns:eml="https://eml.ecoinformatics.org/eml-2.2.0"
    xmlns:xsi="http://www.w3.org/2001/XMLSchema-instance"
    xmlns:stmml="http://www.xml-cml.org/schema/stmml-1.1"
    xsi:schemaLocation="https://eml.ecoinformatics.org/eml-2.2.0 xsd/eml.xsd">
    
    <dataset>
        <title>First occurrence records for Oryctes rhinoceros in newly invaded countries and islands</title>
        <creator id="https://orcid.org/0000-0002-2104-1958">
            <individualName>
                <givenName>Aubrey</givenName>
                <surName>Moore</surName>
            </individualName>
            <electronicMailAddress>aubreymoore2013@gmail.com</electronicMailAddress>
            <userId directory="https://orcid.org">https://orcid.org/0000-0002-2104-1958</userId>
        </creator>
        <keywordSet>
            <keyword>Oryctes rhinoceros</keyword>
            <keyword>first island records</keyword>
            <keyword>invasive species</keyword>
        </keywordSet>
        <contact>
            <references>https://orcid.org/0000-0003-0077-4738</references>
        </contact>
    </dataset>
</eml:eml>