<?xml version="1.0"?>
<archive xmlns="http://rs.tdwg.org/dwc/text/">
	<core encoding="UTF-8" linesTerminatedBy="\n" fieldsTerminatedBy="|" fieldsEnclosedBy="" ignoreHeaderLines="1" rowType="http://rs.tdwg.org/dwc/terms/Occurrence">
		<files>
			<location>occurrence.txt</location>
		</files>
		<id index="0"/>
		<field default="LivingSpecimen" term="http://rs.tdwg.org/dwc/terms/basisOfRecord"/>
		<field default="Oryctes rhinoceros (Linnaeus 1758)" term="http://rs.tdwg.org/dwc/terms/scientificName"/>
		<field default="4995642" term="http://rs.tdwg.org/dwc/terms/taxonID"/>
		<field index="1" term="http://rs.tdwg.org/dwc/terms/eventDate"/>
		<field index="2" term="http://rs.tdwg.org/dwc/terms/country"/>
		<field index="3" term="http://rs.tdwg.org/dwc/terms/stateProvince"/>
		<field index="4" term="http://rs.tdwg.org/dwc/terms/islandGroup"/>
		<field index="5" term="http://rs.tdwg.org/dwc/terms/island"/>
		<field index="6" term="http://rs.tdwg.org/dwc/terms/locality"/>
		<field index="7" term="http://rs.tdwg.org/dwc/terms/decimalLatitude"/>
		<field index="8" term="http://rs.tdwg.org/dwc/terms/decimalLongitude"/>
		<field index="9" term="http://rs.tdwg.org/dwc/terms/coordinateUncertaintyInMeters"/>
		<field index="10" term="http://rs.tdwg.org/dwc/terms/georeferenceRemarks"/>
		<field index="11" term="http://rs.tdwg.org/dwc/terms/occurrenceRemarks"/>
		<field index="13" term="http://rs.tdwg.org/dwc/terms/establishmentMeans" />
		<field index="12" delimitedBy=";" term="http://rs.tdwg.org/dwc/terms/associatedReferences"/>
	</core>
</archive>
